node_count,edge_count,exec_edge_count,loop_count,max_loop_length,min_loop_length,avg_loop_length,avg_degree,longest_path,most_freq_node,most_freq_node_freq,in_degree_most_freq,out_degree_most_freq,loc_focus_ratio,loc_dominant_zone,loc_cluster_num,loc_avg_node_freq,total_execution_time,difficulty,resolution,instance
12,16,14,2,4,2,3.0,2.6666666666666665,7,5:cd,2,2,2,0.2,early,1,1.0,3.36,easy,resolved,django__django-10914
8,9,8,1,2,2,2.0,2.25,6,6:submit,2,2,1,0.22,early,1,1.0,2.64,easy,resolved,sympy__sympy-13480
6,9,7,1,2,2,2.0,3.0,4,5:submit,2,2,1,0.43,early,1,1.0,1.29,easy,resolved,django__django-16139
10,14,13,4,4,2,2.5,2.8,3,1:python,4,4,4,0.14,early,1,1.0,4.58,medium,unresolved,sympy__sympy-21379
5,7,6,1,2,2,2.0,2.8,3,4:submit,2,2,1,0.33,early,1,1.0,1.12,medium,unresolved,django__django-11790
10,17,11,1,2,2,2.0,3.4,8,9:submit,2,2,1,0.55,middle,2,1.0,2.01,medium,unresolved,django__django-16667
4,5,5,1,2,2,2.0,2.5,2,3:submit,2,2,1,0.2,early,1,1.0,1.32,easy,resolved,django__django-15569
11,16,14,2,3,2,2.5,2.909090909090909,7,6:cd,2,2,2,0.21,early,1,1.0,2.41,medium,unresolved,sphinx-doc__sphinx-7985
6,9,7,1,2,2,2.0,3.0,4,5:submit,2,2,1,0.43,early,1,1.0,1.27,easy,resolved,django__django-14855
7,9,9,3,3,2,2.3333333333333335,2.5714285714285716,2,1:python,3,3,3,0.1,middle,1,1.0,2.92,medium,unresolved,scikit-learn__scikit-learn-25747
23,70,68,14,4,1,3.2857142857142856,6.086956521739131,7,6:cd,17,17,17,0.04,early,2,1.0,11.36,medium,unresolved,django__django-14034
11,27,21,5,5,1,2.6,4.909090909090909,4,4:find,10,10,10,0.33,early,3,1.0,79.12,medium,unresolved,django__django-13925
5,7,6,1,2,2,2.0,2.8,3,4:submit,2,2,1,0.33,early,1,1.0,1.16,easy,resolved,django__django-11880
27,56,49,10,8,1,3.9,4.148148148148148,6,6:cd,10,10,10,0.16,early,6,1.0,74.19,easy,unresolved,sphinx-doc__sphinx-8459
8,13,10,2,6,2,4.0,3.25,1,7:submit,2,2,1,0.44,early,2,1.0,2.73,easy,resolved,scikit-learn__scikit-learn-14141
25,46,43,10,9,2,3.6,3.68,6,4:cd,10,10,10,0.2,late,4,1.0,8.32,medium,unresolved,django__django-15382
5,7,6,1,2,2,2.0,2.8,3,4:submit,2,2,1,0.33,early,1,1.0,1.23,easy,unresolved,django__django-12308
8,10,9,2,4,2,3.0,2.5,3,1:python,2,2,2,0.2,early,1,1.0,1.61,medium,unresolved,psf__requests-2931
22,38,29,4,4,2,3.0,3.4545454545454546,15,14:cd,4,4,4,0.34,early,6,1.0,5.62,easy,unresolved,django__django-11820
10,14,14,3,3,2,2.6666666666666665,2.8,5,3:cd,3,3,3,0.07,early,1,1.0,3.5,easy,resolved,django__django-11179
9,10,10,2,5,2,3.5,2.2222222222222223,3,1:python,2,2,2,0.18,early,2,1.0,4.51,easy,resolved,matplotlib__matplotlib-22719
24,47,40,9,6,2,3.4444444444444446,3.9166666666666665,8,6:cd,9,9,9,0.2,early,2,1.0,8.63,medium,unresolved,django__django-14122
9,14,11,2,2,2,2.0,3.111111111111111,6,5:python,2,2,2,0.36,early,1,1.0,2.97,medium,resolved,scikit-learn__scikit-learn-14053
15,25,21,4,6,2,3.5,3.3333333333333335,6,4:cd,4,4,4,0.23,early,3,1.0,5.31,medium,unresolved,sympy__sympy-18698
21,37,30,9,5,1,3.0,3.5238095238095237,4,4:python,6,6,6,0.29,early,6,1.12,8.97,medium,resolved,sympy__sympy-19783
18,33,28,6,8,2,4.0,3.6666666666666665,5,9:cd,5,5,5,0.21,early,3,1.0,6.76,easy,unresolved,sympy__sympy-15875
9,11,10,2,4,3,3.5,2.4444444444444446,3,1:python,2,2,2,0.18,early,1,1.0,3.82,medium,resolved,pydata__xarray-3151
14,20,14,1,2,2,2.0,2.857142857142857,12,12:submit,2,2,1,0.47,early,1,1.0,2.65,medium,unresolved,sphinx-doc__sphinx-7748
13,29,28,8,5,2,2.875,4.461538461538462,1,0:cd,9,8,9,0.07,middle,1,1.0,97.39,medium,resolved,pytest-dev__pytest-7236
13,20,14,1,3,3,3.0,3.076923076923077,10,11:submit,2,2,1,0.5,early,1,1.0,3.62,easy,resolved,sympy__sympy-16450
15,34,34,10,4,2,3.0,4.533333333333333,2,1:cd,10,10,10,0.03,late,1,1.0,7.08,medium,resolved,django__django-11815
23,54,52,15,3,3,3.0,4.695652173913044,6,5:cd,16,16,16,0.06,early,1,1.0,10.83,medium,unresolved,django__django-11999
15,30,26,4,4,2,2.75,4.0,9,6:cd,7,7,7,0.19,early,2,1.0,5.29,hard,unresolved,pytest-dev__pytest-5787
28,73,62,7,9,1,3.5714285714285716,5.214285714285714,11,25:str_replace_editor view,14,15,14,0.45,mixed,23,2.25,11.22,hard,unresolved,sphinx-doc__sphinx-8548
12,22,19,4,4,2,3.0,3.6666666666666665,5,4:cd,4,4,4,0.21,early,2,1.0,3.75,easy,resolved,django__django-11133
24,46,45,13,8,2,3.8461538461538463,3.8333333333333335,5,4:cd,11,11,11,0.04,early,1,1.0,9.65,medium,unresolved,django__django-12774
9,11,9,1,2,2,2.0,2.4444444444444446,7,7:submit,2,2,1,0.3,early,1,1.0,2.68,medium,unresolved,scikit-learn__scikit-learn-12973
22,27,22,1,1,1,1.0,2.4545454545454546,21,21:submit,2,2,1,0.26,early,3,1.0,17.37,easy,unresolved,sphinx-doc__sphinx-7454
4,5,5,1,2,2,2.0,2.5,2,3:submit,2,2,1,0.2,early,1,1.0,0.88,medium,unresolved,django__django-15252
12,24,18,4,6,2,3.75,4.0,1,1:python,4,4,4,0.39,middle,2,1.0,3.44,medium,unresolved,astropy__astropy-14598
12,18,16,4,3,2,2.25,3.0,6,5:python,4,4,4,0.19,early,1,1.0,11.12,easy,resolved,django__django-15851
52,109,96,25,11,2,3.28,4.1923076923076925,13,12:cd,21,21,21,0.14,late,11,1.0,17.59,easy,unresolved,django__django-15930
25,53,48,13,8,2,3.5384615384615383,4.24,2,7:cd,12,12,12,0.12,early,4,1.0,8.68,easy,resolved,django__django-14608
11,16,13,2,3,2,2.5,2.909090909090909,7,6:python,2,2,2,0.31,early,2,1.0,5.46,medium,unresolved,matplotlib__matplotlib-22865
7,11,8,1,2,2,2.0,3.142857142857143,5,6:submit,2,2,1,0.5,early,1,1.0,1.48,medium,unresolved,django__django-14500
16,24,19,4,11,1,4.0,3.0,3,1:python,4,4,4,0.4,middle,2,1.0,6.0,easy,unresolved,scikit-learn__scikit-learn-13142
11,13,11,1,3,3,3.0,2.3636363636363638,8,8:submit,2,2,1,0.25,early,1,1.0,13.89,easy,resolved,scikit-learn__scikit-learn-14496
20,29,24,4,2,1,1.5,2.9,17,1:python,3,3,3,0.4,middle,2,1.0,7.12,medium,unresolved,sympy__sympy-17318
9,14,12,3,4,2,3.0,3.111111111111111,2,1:python,3,3,3,0.25,early,2,1.0,3.57,medium,unresolved,scikit-learn__scikit-learn-14087
15,20,15,1,2,2,2.0,2.6666666666666665,13,13:submit,2,2,1,0.38,early,1,1.0,3.05,medium,resolved,django__django-15103
19,36,35,9,4,2,3.0,3.789473684210526,7,5:cd,9,9,9,0.08,early,3,1.0,7.3,medium,unresolved,django__django-14238
10,14,12,2,2,2,2.0,2.8,7,4:python,2,2,2,0.25,early,1,1.0,4.08,medium,resolved,sympy__sympy-23950
30,49,33,3,3,2,2.6666666666666665,3.2666666666666666,24,21:grep,3,3,3,0.52,early,11,1.0,5.87,very_hard,unresolved,sympy__sympy-13878
18,28,23,3,4,2,3.3333333333333335,3.111111111111111,12,11:cd,4,4,4,0.25,early,2,1.0,19.24,medium,unsubmitted,sphinx-doc__sphinx-9673
11,15,13,2,3,3,3.0,2.727272727272727,6,4:cd,2,2,2,0.21,early,1,1.0,2.67,easy,resolved,django__django-16569
16,26,24,5,3,2,2.8,3.25,9,7:cd,5,5,5,0.12,early,1,1.0,7.26,hard,unresolved,scikit-learn__scikit-learn-25102
11,22,17,3,3,1,2.0,4.0,7,6:python,6,6,6,0.35,early,1,1.0,5.93,easy,resolved,sympy__sympy-21847
12,16,13,1,3,3,3.0,2.6666666666666665,9,10:submit,2,2,1,0.31,early,1,1.0,2.88,easy,resolved,django__django-15277
7,9,9,2,3,3,3.0,2.5714285714285716,2,1:python,2,2,2,0.11,early,1,1.0,1.5,hard,unresolved,pylint-dev__pylint-8898
14,19,17,4,3,2,2.5,2.7142857142857144,7,5:python,4,4,4,0.22,early,1,1.0,3.37,easy,unresolved,psf__requests-2317
10,15,11,2,7,1,4.0,3.0,3,1:python,2,2,2,0.42,middle,1,1.0,5.65,medium,resolved,matplotlib__matplotlib-23412
17,134,131,14,6,2,3.857142857142857,15.764705882352942,1,4:python,29,29,29,0.37,mixed,25,9.6,54.78,medium,unresolved,sympy__sympy-16792
26,95,88,12,7,1,2.5,7.3076923076923075,7,17:python,32,32,32,0.09,early,4,1.0,27.33,easy,unresolved,sympy__sympy-12481
12,17,14,2,3,2,2.5,2.8333333333333335,8,6:cd,2,2,2,0.27,early,1,1.0,3.26,easy,resolved,sympy__sympy-12096
15,17,17,3,2,2,2.0,2.2666666666666666,11,6:python,2,2,2,0.28,early,1,1.0,5.5,medium,resolved,sympy__sympy-24066
10,14,12,3,2,2,2.0,2.8,6,4:python,3,3,3,0.23,early,1,1.0,2.61,easy,unresolved,django__django-13794
18,35,34,9,3,2,2.888888888888889,3.888888888888889,7,5:cd,9,9,9,0.06,early,1,1.0,6.62,medium,unresolved,django__django-16901
43,58,52,11,27,1,6.818181818181818,2.697674418604651,8,6:python,8,8,8,0.13,early,3,1.0,17.99,easy,unresolved,pydata__xarray-4094
11,16,14,3,5,2,3.6666666666666665,2.909090909090909,2,1:python,2,2,2,0.29,middle,2,1.0,5.85,medium,unresolved,matplotlib__matplotlib-23299
9,13,11,3,5,2,3.0,2.888888888888889,2,1:python,2,2,2,0.25,middle,3,1.0,2.64,medium,unresolved,scikit-learn__scikit-learn-10908
11,13,11,1,2,2,2.0,2.3636363636363638,9,9:submit,2,2,1,0.25,early,1,1.0,2.04,medium,resolved,django__django-16485
6,7,7,2,3,2,2.5,2.3333333333333335,2,1:python,2,2,2,0.12,middle,1,1.0,2.21,easy,resolved,astropy__astropy-7336
24,39,34,11,6,2,2.8181818181818183,3.25,3,1:python,11,11,11,0.23,middle,3,1.0,9.75,medium,unresolved,django__django-13033
39,169,157,12,4,2,3.0,8.666666666666666,23,36:str_replace_editor str_replace,50,50,50,0.08,early,3,1.0,33.23,medium,unresolved,sphinx-doc__sphinx-9602
9,11,10,2,3,2,2.5,2.4444444444444446,5,3:python,2,2,2,0.18,early,1,1.0,2.88,medium,resolved,astropy__astropy-14096
6,9,7,1,2,2,2.0,3.0,4,5:submit,2,2,1,0.43,early,1,1.0,1.71,easy,resolved,django__django-13109
5,7,6,1,2,2,2.0,2.8,3,4:submit,2,2,1,0.33,early,1,1.0,1.18,easy,unresolved,django__django-14580
37,67,54,15,11,2,6.066666666666666,3.6216216216216215,7,8:cd,7,7,7,0.27,early,10,1.07,15.37,medium,unresolved,pydata__xarray-3095
10,17,15,3,3,2,2.6666666666666665,3.4,5,4:cd,3,3,3,0.2,early,1,1.0,2.34,easy,unresolved,django__django-14315
13,20,15,3,2,2,2.0,3.076923076923077,9,3:grep,3,3,3,0.38,early,4,1.0,5.16,medium,resolved,matplotlib__matplotlib-24627
11,20,18,4,3,2,2.75,3.6363636363636362,5,4:cd,4,4,4,0.17,early,1,1.0,3.81,easy,resolved,django__django-15315
24,49,44,11,4,2,3.090909090909091,4.083333333333333,9,8:cd,11,11,11,0.13,early,4,1.0,8.83,medium,unresolved,django__django-13158
10,13,11,2,4,2,3.0,2.6,5,3:python,2,2,2,0.25,early,2,1.0,3.26,easy,resolved,scikit-learn__scikit-learn-13439
8,13,9,1,2,2,2.0,3.25,6,7:submit,2,2,1,0.56,early,1,1.0,1.67,very_hard,unresolved,sphinx-doc__sphinx-7590
18,149,145,11,4,1,2.272727272727273,16.555555555555557,5,4:python,68,68,68,0.03,early,3,1.0,51.47,easy,unresolved,sympy__sympy-19495
7,8,8,2,3,2,2.5,2.2857142857142856,3,1:python,2,2,2,0.11,early,1,1.0,3.42,medium,resolved,pydata__xarray-3677
10,15,13,2,3,2,2.5,3.0,6,5:cd,2,2,2,0.23,early,1,1.0,2.85,medium,unresolved,astropy__astropy-14182
11,16,15,3,3,2,2.6666666666666665,2.909090909090909,6,4:cd,3,3,3,0.12,early,1,1.0,3.02,medium,unresolved,django__django-15916
8,12,10,2,2,2,2.0,3.0,5,4:python,2,2,2,0.3,early,1,1.0,2.92,easy,unresolved,sympy__sympy-15017
17,106,105,12,4,1,2.8333333333333335,12.470588235294118,4,3:cd,33,33,33,0.02,early,1,1.0,21.93,medium,unresolved,django__django-13346
17,28,25,6,8,2,3.8333333333333335,3.2941176470588234,2,7:cd,5,5,5,0.16,early,3,1.0,5.08,medium,unresolved,django__django-16950
10,14,14,4,4,2,2.75,2.8,2,1:python,4,4,4,0.14,early,2,1.0,6.31,easy,unresolved,scikit-learn__scikit-learn-25973
12,18,14,2,10,2,6.0,3.0,1,11:submit,2,2,1,0.38,early,3,1.0,2.41,medium,unresolved,django__django-16256
5,7,6,1,2,2,2.0,2.8,3,4:submit,2,2,1,0.33,early,1,1.0,1.16,easy,resolved,django__django-13741
10,14,11,2,3,2,2.5,2.8,6,4:python,2,2,2,0.33,early,2,1.0,2.83,medium,resolved,astropy__astropy-14539
16,27,23,5,3,2,2.8,3.375,8,6:cd,5,5,5,0.21,early,1,1.0,5.21,medium,unresolved,django__django-16315
15,30,26,6,5,2,3.3333333333333335,4.0,4,3:cd,6,6,6,0.19,middle,3,1.0,6.09,easy,unresolved,sympy__sympy-20916
14,24,15,1,2,2,2.0,3.4285714285714284,12,13:submit,2,2,1,0.67,middle,2,1.0,2.83,easy,unresolved,django__django-15572
18,33,29,6,6,2,3.5,3.6666666666666665,6,5:cd,6,6,6,0.17,early,2,1.0,4.88,medium,unresolved,django__django-11206
6,8,8,2,2,2,2.0,2.6666666666666665,3,2:grep,2,2,2,0.12,early,1,1.0,1.36,medium,unresolved,sphinx-doc__sphinx-8265
7,8,8,2,2,2,2.0,2.2857142857142856,4,2:python,2,2,2,0.11,early,1,1.0,2.78,medium,unresolved,sympy__sympy-15599
5,7,6,1,2,2,2.0,2.8,3,4:submit,2,2,1,0.33,early,1,1.0,1.05,easy,resolved,sphinx-doc__sphinx-8721
11,15,12,1,2,2,2.0,2.727272727272727,9,10:submit,2,2,1,0.33,early,1,1.0,2.75,medium,resolved,sympy__sympy-11618
18,54,38,3,12,1,6.333333333333333,6.0,6,12:str_replace_editor view,21,22,21,0.97,mixed,1,2.24,7.5,medium,unresolved,django__django-12858
12,17,13,2,9,2,5.5,2.8333333333333335,2,10:submit,2,2,1,0.38,early,2,1.0,2.27,medium,unresolved,pytest-dev__pytest-10051
8,12,9,1,2,2,2.0,3.0,6,7:submit,2,2,1,0.44,early,1,1.0,1.76,hard,unresolved,django__django-11400
14,22,16,2,3,2,2.5,3.142857142857143,10,9:python,2,2,2,0.38,early,2,1.0,4.86,medium,resolved,pydata__xarray-3305
30,56,53,13,8,2,3.769230769230769,3.7333333333333334,3,2:cd,12,12,12,0.07,late,4,1.0,27.12,medium,unresolved,django__django-16938
19,28,23,6,6,3,4.166666666666667,2.9473684210526314,7,5:grep,3,3,3,0.38,middle,6,1.12,4.59,medium,unresolved,matplotlib__matplotlib-20488
17,28,21,6,9,2,5.166666666666667,3.2941176470588234,3,1:python,4,4,4,0.41,early,2,1.12,7.11,medium,resolved,scikit-learn__scikit-learn-25931
19,31,22,4,10,1,4.5,3.263157894736842,4,2:python,2,2,2,0.43,middle,2,1.11,6.52,easy,resolved,matplotlib__matplotlib-25287
17,28,22,3,5,2,3.3333333333333335,3.2941176470588234,10,9:cd,3,3,3,0.32,early,3,1.0,26.71,medium,resolved,sphinx-doc__sphinx-10673
81,157,81,1,2,2,2.0,3.876543209876543,79,4:python,2,2,2,0.94,mixed,2,1.0,15.35,medium,unresolved,sympy__sympy-20590
16,28,20,4,6,1,3.0,3.5,8,8:grep,3,3,3,0.5,early,3,1.11,3.57,medium,resolved,matplotlib__matplotlib-26342
9,14,10,1,2,2,2.0,3.111111111111111,7,8:submit,2,2,1,0.5,early,1,1.0,1.83,easy,resolved,scikit-learn__scikit-learn-13496
9,11,10,1,2,2,2.0,2.4444444444444446,7,8:submit,2,2,1,0.2,early,1,1.0,2.12,medium,unresolved,django__django-13786
15,22,17,3,4,1,2.3333333333333335,2.933333333333333,10,3:grep,2,2,2,0.33,early,3,1.0,3.01,hard,unresolved,sphinx-doc__sphinx-9461
23,35,32,10,3,2,2.3,3.0434782608695654,9,5:python,6,6,6,0.12,early,1,1.0,10.17,hard,resolved,astropy__astropy-13579
17,28,20,4,8,1,3.25,3.2941176470588234,7,0:str_replace_editor view,2,1,7,0.48,early,2,1.11,4.67,medium,unresolved,django__django-11728
13,18,15,2,3,2,2.5,2.769230769230769,9,7:cd,2,2,2,0.25,early,2,1.0,2.97,medium,unresolved,django__django-16877
12,15,12,1,3,3,3.0,2.5,9,9:submit,2,2,1,0.31,early,1,1.0,2.62,easy,resolved,django__django-15863
7,11,8,1,2,2,2.0,3.142857142857143,5,6:submit,2,2,1,0.5,early,1,1.0,1.63,medium,resolved,django__django-12713
17,27,25,9,3,2,2.2222222222222223,3.176470588235294,5,2:python,9,9,9,0.12,early,3,1.0,17.3,medium,unresolved,pydata__xarray-6599
5,7,6,1,2,2,2.0,2.8,3,4:submit,2,2,1,0.33,early,1,1.0,1.12,easy,unresolved,django__django-11451
40,102,87,20,8,1,3.75,5.1,6,4:cd,17,17,17,0.26,late,16,1.38,16.05,medium,unresolved,django__django-15278
16,25,20,5,6,2,3.6,3.125,9,3:grep,3,3,3,0.29,early,4,1.0,4.18,medium,resolved,sympy__sympy-13647
14,18,14,1,2,2,2.0,2.5714285714285716,12,12:submit,2,2,1,0.33,early,3,1.0,3.22,medium,unresolved,astropy__astropy-8707
23,73,66,12,3,2,2.8333333333333335,6.3478260869565215,6,5:python,21,21,21,0.34,mixed,20,2.88,17.78,easy,unresolved,sympy__sympy-23534
9,12,10,1,2,2,2.0,2.6666666666666665,7,8:submit,2,2,1,0.3,early,1,1.0,2.32,medium,resolved,scikit-learn__scikit-learn-11578
7,10,8,1,2,2,2.0,2.857142857142857,5,6:submit,2,2,1,0.38,early,1,1.0,1.44,easy,resolved,django__django-15467
7,9,9,2,6,2,4.0,2.5714285714285716,0,6:submit,2,2,1,0.12,early,1,1.0,1.6,medium,unresolved,django__django-11740
12,15,13,2,3,2,2.5,2.5,8,4:python,2,2,2,0.21,early,1,1.0,2.23,easy,resolved,sphinx-doc__sphinx-9367
11,15,13,3,3,2,2.3333333333333335,2.727272727272727,6,4:python,3,3,3,0.21,early,1,1.0,3.17,easy,resolved,django__django-14089
36,65,52,10,10,2,4.1,3.611111111111111,10,8:cd,8,8,8,0.28,mixed,5,1.07,9.44,medium,resolved,django__django-16032
17,26,20,4,6,2,3.5,3.0588235294117645,6,4:python,4,4,4,0.33,early,3,1.0,5.51,hard,unresolved,astropy__astropy-14369
21,31,24,3,16,2,10.0,2.9523809523809526,4,2:str_replace_editor view,2,3,2,0.42,mixed,4,1.25,4.62,hard,unresolved,django__django-13212
13,22,20,4,3,3,3.0,3.3846153846153846,6,4:cd,4,4,4,0.15,early,1,1.0,3.73,easy,unresolved,django__django-11299
12,17,16,3,4,3,3.3333333333333335,2.8333333333333335,5,3:cd,3,3,3,0.12,early,1,1.0,4.32,easy,resolved,sympy__sympy-13372
4,9,9,3,3,1,2.0,4.5,0,2:ls,4,4,4,0.12,early,1,1.0,1.26,medium,unresolved,django__django-15973
18,27,22,5,4,2,2.4,3.0,10,8:python,5,5,5,0.26,early,1,1.0,5.36,medium,unresolved,django__django-11477
12,19,18,4,3,2,2.75,3.1666666666666665,6,3:cd,4,4,4,0.11,early,1,1.0,3.34,medium,unresolved,django__django-11265
28,45,32,5,10,2,5.8,3.2142857142857144,3,1:python,5,5,5,0.42,early,6,1.0,10.02,easy,unresolved,matplotlib__matplotlib-25332
18,77,70,4,9,1,4.0,8.555555555555555,5,16:str_replace_editor str_replace,51,51,51,0.11,early,2,1.0,26.92,medium,unresolved,scikit-learn__scikit-learn-9288
5,7,6,1,2,2,2.0,2.8,3,4:submit,2,2,1,0.33,early,1,1.0,1.1,easy,resolved,django__django-16116
17,25,21,4,2,1,1.75,2.9411764705882355,13,5:python,3,3,3,0.24,early,2,1.0,6.51,medium,unresolved,pytest-dev__pytest-5631
10,14,12,2,5,2,3.5,2.8,4,1:python,2,2,2,0.25,early,1,1.0,4.78,easy,resolved,pydata__xarray-4075
6,8,7,1,2,2,2.0,2.6666666666666665,4,5:submit,2,2,1,0.29,early,1,1.0,1.32,easy,unresolved,django__django-15380
11,24,20,2,2,2,2.0,4.363636363636363,8,7:echo,5,5,5,0.25,early,2,1.0,4.69,easy,resolved,django__django-16899
14,19,16,2,2,2,2.0,2.7142857142857144,11,8:python,2,2,2,0.25,early,1,1.0,4.51,hard,unresolved,sympy__sympy-18199
9,13,11,2,2,2,2.0,2.888888888888889,6,5:python,2,2,2,0.27,early,1,1.0,3.23,medium,resolved,sympy__sympy-19346
16,26,21,5,2,2,2.0,3.25,10,9:python,5,5,5,0.29,early,2,1.0,5.67,medium,unresolved,sympy__sympy-13757
15,25,17,3,7,2,3.6666666666666665,3.3333333333333335,6,4:python,3,3,3,0.44,early,2,1.0,4.75,medium,resolved,sympy__sympy-14976
7,11,8,1,2,2,2.0,3.142857142857143,5,6:submit,2,2,1,0.5,early,1,1.0,1.56,easy,unresolved,django__django-11433
9,10,9,1,3,3,3.0,2.2222222222222223,6,6:submit,2,2,1,0.2,early,1,1.0,2.23,medium,resolved,scikit-learn__scikit-learn-10844
12,18,18,7,3,1,2.142857142857143,3.0,3,1:python,6,6,6,0.05,middle,1,1.0,6.12,hard,unresolved,sympy__sympy-17630
11,19,12,1,2,2,2.0,3.4545454545454546,9,10:submit,2,2,1,0.67,early,1,1.0,2.29,medium,unresolved,django__django-14170
22,47,44,12,4,2,3.0,4.2727272727272725,6,5:cd,12,12,12,0.09,early,2,1.0,8.53,medium,resolved,django__django-13569
4,6,5,1,2,2,2.0,3.0,2,3:submit,2,2,1,0.4,early,1,1.0,0.92,medium,unresolved,django__django-11087
9,13,10,1,2,2,2.0,2.888888888888889,7,8:submit,2,2,1,0.4,early,1,1.0,3.01,hard,unresolved,sympy__sympy-16597
14,20,16,3,7,2,4.0,2.857142857142857,4,2:python,3,3,3,0.29,middle,3,1.0,2.86,easy,unresolved,sphinx-doc__sphinx-7910
9,11,9,1,2,2,2.0,2.4444444444444446,7,7:submit,2,2,1,0.3,early,1,1.0,1.96,medium,resolved,django__django-13590
6,9,7,1,2,2,2.0,3.0,4,5:submit,2,2,1,0.43,early,1,1.0,1.35,medium,resolved,django__django-16662
8,9,8,1,2,2,2.0,2.25,6,6:submit,2,2,1,0.22,early,1,1.0,1.96,medium,resolved,scikit-learn__scikit-learn-14894
4,5,5,1,2,2,2.0,2.5,2,3:submit,2,2,1,0.2,early,1,1.0,0.94,medium,resolved,django__django-16527
14,228,228,16,7,1,4.0625,32.57142857142857,2,1:cd,64,64,64,0.14,mixed,31,31.0,58.08,hard,unresolved,sphinx-doc__sphinx-9229
8,12,9,1,2,2,2.0,3.0,6,7:submit,2,2,1,0.44,early,1,1.0,1.69,hard,unresolved,django__django-15128
11,17,12,1,2,2,2.0,3.090909090909091,9,10:submit,2,2,1,0.5,early,1,1.0,2.27,hard,unresolved,django__django-14631
14,24,16,2,2,2,2.0,3.4285714285714284,11,9:python,2,2,2,0.56,early,2,1.0,2.86,easy,unresolved,sphinx-doc__sphinx-9258
15,22,19,5,3,2,2.2,2.933333333333333,8,4:python,5,5,5,0.2,early,2,1.0,8.0,medium,unresolved,sympy__sympy-23413
6,9,7,1,2,2,2.0,3.0,4,5:submit,2,2,1,0.43,early,1,1.0,1.39,easy,unresolved,django__django-13551
17,32,30,7,5,2,3.4285714285714284,3.764705882352941,4,3:cd,7,7,7,0.1,early,2,1.0,6.36,medium,unresolved,django__django-13121
8,15,14,2,2,2,2.0,3.75,5,3:echo,4,4,4,0.13,early,1,1.0,2.77,easy,unresolved,psf__requests-1766
15,28,17,2,7,2,4.5,3.7333333333333334,7,6:grep,2,2,2,0.71,mixed,2,1.0,3.57,easy,unresolved,django__django-17087
12,17,14,3,3,2,2.3333333333333335,2.8333333333333335,7,6:python,3,3,3,0.27,early,1,1.0,3.35,easy,resolved,sphinx-doc__sphinx-10323
10,13,12,3,5,2,3.0,2.6,3,1:python,3,3,3,0.15,early,2,1.0,5.49,easy,unresolved,matplotlib__matplotlib-24149
16,33,33,10,4,2,2.9,4.125,3,1:cd,10,10,10,0.0,none,0,0.0,6.43,hard,unresolved,django__django-10554
21,37,27,4,3,1,1.5,3.5238095238095237,18,8:grep,4,4,4,0.41,early,2,1.0,5.39,easy,unresolved,sympy__sympy-15809
12,21,14,1,3,3,3.0,3.5,9,9:grep,2,2,2,0.57,middle,2,1.0,2.95,medium,unresolved,django__django-12273
12,16,16,5,4,2,2.4,2.6666666666666665,4,2:python,5,5,5,0.06,early,1,1.0,4.73,medium,resolved,astropy__astropy-7671
9,15,10,1,2,2,2.0,3.3333333333333335,7,8:submit,2,2,1,0.6,early,1,1.0,1.92,medium,resolved,django__django-10973
6,9,7,1,2,2,2.0,3.0,4,5:submit,2,2,1,0.43,early,1,1.0,1.4,easy,resolved,sphinx-doc__sphinx-9698
15,27,25,6,3,2,2.8333333333333335,3.6,6,5:cd,6,6,6,0.12,early,1,1.0,6.19,hard,resolved,django__django-12708
18,27,22,3,4,3,3.6666666666666665,3.0,10,12:cd,3,3,3,0.26,early,2,1.0,14.74,easy,unresolved,sphinx-doc__sphinx-8621
18,27,23,6,6,2,3.0,3.0,5,3:python,6,6,6,0.21,mixed,3,1.0,6.19,easy,unresolved,django__django-11555
12,16,14,2,3,2,2.5,2.6666666666666665,8,6:cd,2,2,2,0.2,early,1,1.0,3.24,easy,resolved,django__django-13363
30,47,46,16,6,2,3.375,3.1333333333333333,4,2:python,13,13,13,0.11,late,3,1.0,11.77,medium,unresolved,django__django-12754
7,11,8,1,2,2,2.0,3.142857142857143,5,6:submit,2,2,1,0.5,early,1,1.0,1.49,easy,resolved,django__django-16801
45,193,192,18,9,1,3.5,8.577777777777778,16,23:cd,40,40,40,0.02,early,3,1.0,35.37,medium,unresolved,django__django-15563
10,13,12,2,7,2,4.5,2.6,2,1:python,2,2,2,0.17,middle,2,1.0,34.73,medium,resolved,pydata__xarray-6721
5,7,6,1,2,2,2.0,2.8,3,4:submit,2,2,1,0.33,early,1,1.0,1.08,easy,resolved,django__django-14787
16,25,20,4,8,2,4.25,3.125,5,3:str_replace_editor view,2,3,2,0.38,early,3,1.33,4.38,medium,resolved,sympy__sympy-14531
18,28,20,2,16,2,9.0,3.111111111111111,1,17:submit,2,2,1,0.47,early,4,1.0,3.71,medium,unresolved,django__django-14725
3,6,5,1,1,1,1.0,4.0,2,0:str_replace_editor view,1,0,2,0.67,early,1,1.0,0.43,medium,unresolved,django__django-12143
9,11,10,2,2,2,2.0,2.4444444444444446,6,4:python,2,2,2,0.18,early,1,1.0,3.22,easy,resolved,sympy__sympy-24539
21,34,28,8,3,2,2.125,3.238095238095238,11,10:python,9,9,9,0.24,early,2,1.0,6.48,medium,unresolved,django__django-14434
21,36,23,3,10,2,6.666666666666667,3.4285714285714284,3,1:python,2,2,2,0.58,middle,3,1.0,7.32,easy,unresolved,matplotlib__matplotlib-20676
8,9,8,1,2,2,2.0,2.25,6,6:submit,2,2,1,0.22,early,1,1.0,2.56,easy,resolved,sympy__sympy-19637
9,11,10,2,4,3,3.5,2.4444444444444446,3,1:python,2,2,2,0.18,early,1,1.0,3.39,medium,resolved,sympy__sympy-24443
15,24,21,4,3,2,2.25,3.2,9,4:mkdir,3,3,3,0.19,early,4,1.0,5.01,medium,unresolved,pylint-dev__pylint-7080
17,24,21,5,5,1,2.6,2.823529411764706,8,4:python,2,2,2,0.18,early,2,1.0,5.29,hard,unresolved,sympy__sympy-13852
12,17,14,2,9,2,5.5,2.8333333333333335,2,1:python,2,2,2,0.29,early,2,1.0,5.33,medium,resolved,matplotlib__matplotlib-23314
13,21,19,3,3,2,2.3333333333333335,3.230769230769231,8,5:echo,3,3,3,0.15,early,1,1.0,3.42,easy,unresolved,sphinx-doc__sphinx-9281
13,20,17,3,3,2,2.6666666666666665,3.076923076923077,8,6:cd,3,3,3,0.22,early,1,1.0,3.18,medium,resolved,django__django-13279
20,26,26,7,6,2,3.0,2.6,5,3:python,7,7,7,0.07,early,2,1.0,13.08,medium,unresolved,mwaskom__seaborn-3187
19,32,31,7,7,2,3.5714285714285716,3.3684210526315788,5,3:cd,7,7,7,0.09,early,2,1.0,6.19,easy,unresolved,django__django-10880
8,11,10,2,4,3,3.5,2.75,2,1:python,2,2,2,0.2,early,1,1.0,3.1,medium,unresolved,scikit-learn__scikit-learn-14629
8,10,9,2,2,2,2.0,2.5,5,3:python,2,2,2,0.2,early,1,1.0,2.63,easy,resolved,django__django-15104
19,34,22,3,10,1,4.333333333333333,3.5789473684210527,8,2:str_replace_editor view,2,3,2,0.57,early,2,1.08,4.55,medium,resolved,django__django-16819
8,10,9,1,2,2,2.0,2.5,6,7:submit,2,2,1,0.22,early,2,1.0,3.43,easy,unresolved,sphinx-doc__sphinx-7440
8,10,8,1,2,2,2.0,2.5,6,6:submit,2,2,1,0.33,early,1,1.0,1.8,medium,unresolved,django__django-15098
8,9,9,2,3,2,2.5,2.25,4,2:python,2,2,2,0.1,early,1,1.0,3.66,easy,resolved,pydata__xarray-4356
26,116,110,17,4,1,3.0588235294117645,8.923076923076923,8,7:python,29,29,29,0.06,early,3,1.0,65.06,medium,unresolved,pydata__xarray-4687
8,11,9,2,5,2,3.5,2.75,2,1:python,2,2,2,0.3,middle,1,1.0,3.15,medium,resolved,scikit-learn__scikit-learn-26323
24,42,37,14,4,2,2.2142857142857144,3.5,6,4:python,14,14,14,0.16,early,3,1.0,10.89,hard,unresolved,sympy__sympy-14248
4,5,5,1,2,2,2.0,2.5,2,3:submit,2,2,1,0.2,early,1,1.0,1.32,easy,resolved,django__django-11066
19,37,35,10,7,2,3.3,3.8947368421052633,1,0:python,8,7,8,0.09,middle,1,1.0,8.21,hard,unresolved,django__django-14007
29,48,41,13,8,2,3.0,3.310344827586207,2,10:python,6,6,6,0.2,early,4,1.0,23.46,medium,unresolved,pylint-dev__pylint-6528
12,18,14,2,4,3,3.5,3.0,6,5:python,2,2,2,0.36,early,2,1.0,3.89,medium,resolved,sympy__sympy-22914
43,77,67,10,14,1,5.0,3.5813953488372094,6,13:python,10,10,10,0.3,mixed,10,1.82,16.53,easy,unresolved,astropy__astropy-14995
10,14,12,2,3,2,2.5,2.8,6,4:python,2,2,2,0.23,early,1,1.0,3.49,medium,unresolved,sympy__sympy-15976
20,30,30,4,13,3,7.5,3.0,0,5:sphinx-build,4,4,4,0.1,middle,3,1.0,48.62,hard,unresolved,sphinx-doc__sphinx-11510
5,7,6,1,2,2,2.0,2.8,3,4:submit,2,2,1,0.33,early,1,1.0,1.09,easy,resolved,django__django-16333
6,9,7,1,2,2,2.0,3.0,4,5:submit,2,2,1,0.43,early,1,1.0,1.4,easy,unresolved,django__django-13807
12,19,15,2,3,2,2.5,3.1666666666666665,8,7:cd,2,2,2,0.33,early,1,1.0,3.34,easy,resolved,django__django-15499
15,23,22,7,5,2,2.7142857142857144,3.066666666666667,2,1:python,7,7,7,0.09,early,1,1.0,7.08,medium,unresolved,sympy__sympy-12419
11,16,15,3,4,2,3.0,2.909090909090909,5,3:cd,3,3,3,0.12,early,1,1.0,3.21,easy,resolved,django__django-11099
31,68,57,14,6,2,3.7142857142857144,4.387096774193548,5,8:cd,13,13,13,0.23,mixed,4,1.08,11.87,medium,unresolved,django__django-12965
13,18,15,2,3,2,2.5,2.769230769230769,9,8:python,2,2,2,0.27,early,2,1.0,3.51,medium,unresolved,astropy__astropy-13236
14,20,15,2,2,1,1.5,2.857142857142857,12,6:grep,2,2,2,0.38,early,1,1.0,5.35,easy,resolved,matplotlib__matplotlib-20859
16,31,29,7,4,2,3.0,3.875,6,5:cd,7,7,7,0.1,early,1,1.0,5.99,hard,unresolved,django__django-13344
11,15,12,1,2,2,2.0,2.727272727272727,9,10:submit,2,2,1,0.33,early,1,1.0,2.34,medium,unresolved,astropy__astropy-13977
14,25,23,5,4,2,3.2,3.5714285714285716,5,4:cd,5,5,5,0.13,early,1,1.0,4.32,easy,resolved,django__django-11119
8,10,9,1,2,2,2.0,2.5,6,7:submit,2,2,1,0.22,early,1,1.0,1.57,easy,resolved,pytest-dev__pytest-6202
14,44,40,6,3,1,2.0,6.285714285714286,7,11:str_replace_editor str_replace,23,23,23,0.12,early,2,1.0,10.04,easy,unresolved,sympy__sympy-18189
16,39,31,10,6,1,3.3,4.875,6,6:grep,9,9,9,0.38,mixed,5,1.11,5.8,medium,unresolved,django__django-15732
7,11,8,1,2,2,2.0,3.142857142857143,5,6:submit,2,2,1,0.5,early,1,1.0,1.5,hard,unresolved,django__django-16631
12,18,14,2,3,2,2.5,3.0,8,5:python,2,2,2,0.36,early,2,1.0,4.14,easy,resolved,sympy__sympy-17139
10,16,15,3,4,2,3.0,3.2,4,3:cd,3,3,3,0.13,early,1,1.0,2.85,medium,resolved,django__django-16612
10,13,11,2,3,2,2.5,2.6,6,4:python,2,2,2,0.25,early,1,1.0,2.52,easy,resolved,django__django-14915
19,31,25,5,6,2,3.2,3.263157894736842,9,13:cd,3,3,3,0.32,early,2,1.14,5.39,hard,unresolved,astropy__astropy-13398
13,17,15,3,7,2,3.6666666666666665,2.6153846153846154,4,1:python,3,3,3,0.19,middle,2,1.0,8.99,easy,unresolved,sympy__sympy-24562
21,34,23,3,12,2,7.333333333333333,3.238095238095238,1,11:python,2,2,2,0.52,early,3,1.0,16.41,medium,unresolved,sympy__sympy-20428
23,39,29,5,7,2,4.2,3.391304347826087,7,5:python,5,5,5,0.4,mixed,5,1.09,4.75,medium,unresolved,pytest-dev__pytest-5840
11,21,21,7,6,2,3.5714285714285716,3.8181818181818183,3,2:python3,5,5,5,0.05,early,1,1.0,4.03,easy,resolved,pylint-dev__pylint-6903
25,52,47,12,4,2,3.0,4.16,10,8:cd,12,12,12,0.12,early,1,1.0,9.74,medium,unresolved,django__django-12406
8,12,9,1,2,2,2.0,3.0,6,7:submit,2,2,1,0.44,early,2,1.0,1.65,easy,resolved,django__django-12419
6,9,7,1,2,2,2.0,3.0,4,5:submit,2,2,1,0.43,early,1,1.0,1.31,medium,unresolved,django__django-11141
23,37,25,2,12,2,7.0,3.217391304347826,10,8:cd,2,2,2,0.5,mixed,3,1.0,5.37,easy,resolved,psf__requests-1142
23,35,24,1,2,2,2.0,3.0434782608695654,21,22:submit,2,2,1,0.5,mixed,9,1.0,4.41,medium,unresolved,django__django-15161
14,22,16,3,3,1,2.0,3.142857142857143,10,3:grep,3,3,3,0.41,middle,3,1.0,3.3,easy,unresolved,scikit-learn__scikit-learn-14983
6,9,7,1,2,2,2.0,3.0,4,5:submit,2,2,1,0.43,early,1,1.0,1.35,medium,resolved,django__django-13820
16,26,17,2,12,2,7.0,3.25,3,1:python,2,2,2,0.56,middle,1,1.0,5.57,medium,unresolved,matplotlib__matplotlib-25960
10,15,12,2,2,2,2.0,3.0,7,5:echo,2,2,2,0.31,early,1,1.0,2.45,easy,unresolved,django__django-13023
32,61,51,10,12,1,3.3,3.8125,8,1:python,8,8,8,0.22,early,4,1.0,14.64,medium,unresolved,matplotlib__matplotlib-14623
14,19,15,2,2,2,2.0,2.7142857142857144,11,7:python,2,2,2,0.31,early,2,1.0,4.43,medium,unresolved,sympy__sympy-20438
25,36,35,5,13,2,5.6,2.88,6,4:cd,5,5,5,0.17,early,4,1.0,8.05,medium,unresolved,django__django-15554
10,13,10,1,2,2,2.0,2.6,8,8:submit,2,2,1,0.36,early,1,1.0,2.38,medium,unresolved,astropy__astropy-7606
7,9,7,1,1,1,1.0,2.5714285714285716,6,6:submit,2,2,1,0.38,early,1,1.0,1.98,easy,resolved,django__django-12276
6,8,7,1,2,2,2.0,2.6666666666666665,4,5:submit,2,2,1,0.29,early,1,1.0,1.33,medium,resolved,django__django-13809
22,37,24,3,14,2,7.0,3.3636363636363638,3,1:python,3,3,3,0.56,mixed,3,1.0,5.62,medium,resolved,sympy__sympy-23262
11,13,12,2,4,4,4.0,2.3636363636363638,4,1:python,2,2,2,0.15,early,1,1.0,3.92,easy,resolved,sympy__sympy-22714
15,25,18,2,8,2,5.0,3.3333333333333335,6,5:cd,2,2,2,0.44,middle,2,1.0,3.99,easy,unresolved,pylint-dev__pylint-4970
10,17,11,1,2,2,2.0,3.4,8,9:submit,2,2,1,0.64,middle,1,1.0,2.11,medium,resolved,django__django-13012
7,11,8,1,2,2,2.0,3.142857142857143,5,6:submit,2,2,1,0.5,early,1,1.0,1.53,easy,unresolved,django__django-11239
11,18,15,3,3,1,2.0,3.272727272727273,7,5:python,5,5,5,0.25,early,1,1.0,4.77,medium,unresolved,astropy__astropy-14365
12,87,85,5,2,2,2.0,14.5,6,5:python,40,40,40,0.03,early,1,1.0,76.42,medium,unresolved,pydata__xarray-6744
6,9,7,1,2,2,2.0,3.0,4,5:submit,2,2,1,0.43,early,1,1.0,1.42,medium,resolved,django__django-11095
6,6,5,0,0,0,0.0,2.0,5,0:str_replace_editor view,1,0,2,0.33,early,1,1.0,0.98,easy,resolved,sphinx-doc__sphinx-9711
16,33,29,8,6,1,2.875,4.125,4,3:cd,6,6,6,0.17,mixed,4,1.0,6.27,medium,unresolved,django__django-17084
19,36,35,10,9,2,4.0,3.789473684210526,1,1:cd,9,9,9,0.12,middle,2,1.0,7.7,medium,resolved,django__django-15561
51,103,90,26,8,3,5.038461538461538,4.03921568627451,2,1:cd,12,12,12,0.15,late,10,1.0,17.7,easy,unresolved,django__django-13406
15,21,21,4,6,2,4.0,2.8,3,2:cd,4,4,4,0.1,middle,2,1.0,4.78,easy,unresolved,sphinx-doc__sphinx-7462
10,13,12,2,3,2,2.5,2.6,6,4:cd,2,2,2,0.15,early,1,1.0,2.32,hard,resolved,django__django-13837
13,19,17,3,3,3,3.0,2.923076923076923,7,5:cd,3,3,3,0.17,early,1,1.0,3.81,easy,resolved,django__django-16429
14,25,19,2,2,2,2.0,3.5714285714285716,11,10:cd,3,3,3,0.37,early,3,1.0,4.39,medium,unresolved,django__django-15280
28,51,49,21,4,2,2.238095238095238,3.642857142857143,2,4:python,20,20,20,0.06,early,3,1.0,14.1,medium,unresolved,django__django-13315
17,30,25,8,5,2,2.5,3.5294117647058822,4,4:python,8,8,8,0.23,early,2,1.0,5.47,medium,unresolved,pytest-dev__pytest-7571
37,79,69,19,6,2,3.8421052631578947,4.27027027027027,6,6:cd,16,16,16,0.19,early,7,1.18,13.07,medium,unresolved,django__django-15375
8,12,9,1,2,2,2.0,3.0,6,7:submit,2,2,1,0.44,early,1,1.0,1.67,hard,unresolved,django__django-15629
26,38,30,5,3,2,2.2,2.923076923076923,19,18:python,4,4,4,0.29,early,7,1.0,9.16,medium,unresolved,matplotlib__matplotlib-25775
9,13,10,1,2,2,2.0,2.888888888888889,7,8:submit,2,2,1,0.4,early,1,1.0,2.47,medium,resolved,sympy__sympy-13877
6,9,7,1,2,2,2.0,3.0,4,5:submit,2,2,1,0.43,early,1,1.0,1.45,medium,unresolved,django__django-11848
12,18,17,3,4,3,3.3333333333333335,3.0,5,4:cd,3,3,3,0.12,early,1,1.0,2.99,easy,unresolved,psf__requests-1724
38,123,87,7,29,1,11.428571428571429,6.473684210526316,1,37:str_replace_editor view,46,47,46,0.99,mixed,2,2.32,15.9,easy,unresolved,django__django-14404
9,11,11,3,3,2,2.6666666666666665,2.4444444444444446,3,1:python,3,3,3,0.08,middle,1,1.0,3.21,medium,unresolved,astropy__astropy-13033
24,45,39,19,8,2,4.7368421052631575,3.75,3,3:sphinx-build,7,7,7,0.18,middle,5,1.0,32.85,medium,unresolved,sphinx-doc__sphinx-7757
10,14,14,4,3,2,2.5,2.8,3,2:python,4,4,4,0.07,early,1,1.0,3.18,easy,unresolved,django__django-15127
41,79,69,18,15,2,4.944444444444445,3.8536585365853657,1,13:cd,16,16,16,0.17,early,4,1.09,13.02,medium,unresolved,django__django-11211
8,10,10,3,3,2,2.6666666666666665,2.5,2,0:python,3,2,3,0.09,middle,1,1.0,13.23,medium,resolved,pydata__xarray-4966
20,48,45,16,6,2,3.9375,4.8,4,3:cd,11,11,11,0.2,early,7,2.25,8.8,hard,unresolved,pylint-dev__pylint-4551
14,21,15,2,10,2,6.0,3.0,3,0:str_replace_editor view,2,1,4,0.5,early,2,1.14,5.86,medium,unresolved,matplotlib__matplotlib-24870
8,11,9,2,2,2,2.0,2.75,5,4:python,2,2,2,0.3,early,1,1.0,3.29,medium,unresolved,sympy__sympy-13974
15,29,16,1,2,2,2.0,3.8666666666666667,13,14:submit,2,2,1,0.69,mixed,2,1.0,3.06,easy,unresolved,django__django-16100
12,16,14,2,3,2,2.5,2.6666666666666665,8,6:cd,2,2,2,0.2,early,1,1.0,2.57,easy,unresolved,django__django-14534
11,15,12,2,3,3,3.0,2.727272727272727,6,4:python,2,2,2,0.31,early,2,1.0,2.48,easy,resolved,pallets__flask-5014
8,10,9,1,2,2,2.0,2.5,6,7:submit,2,2,1,0.22,early,1,1.0,1.69,easy,resolved,django__django-11603
18,29,25,7,3,2,2.4285714285714284,3.2222222222222223,7,6:python,7,7,7,0.2,early,3,1.0,11.85,easy,resolved,matplotlib__matplotlib-25122
8,13,10,2,2,1,1.5,3.25,6,4:str_replace_editor str_replace,2,2,2,0.4,early,1,1.0,1.81,easy,resolved,django__django-14765
10,13,13,3,4,2,2.6666666666666665,2.6,4,1:python,3,3,3,0.08,early,1,1.0,5.22,medium,resolved,matplotlib__matplotlib-24026
18,34,31,7,3,2,2.857142857142857,3.7777777777777777,9,8:cd,7,7,7,0.13,early,1,1.0,5.44,easy,resolved,django__django-16642
9,14,12,2,2,2,2.0,3.111111111111111,6,5:cd,2,2,2,0.25,early,1,1.0,2.13,medium,resolved,pytest-dev__pytest-8399
9,12,11,2,6,3,4.5,2.6666666666666665,1,7:submit,2,2,1,0.2,early,2,1.0,1.66,easy,unresolved,django__django-14792
13,20,17,2,2,2,2.0,3.076923076923077,10,6:echo,3,3,3,0.22,early,2,1.0,4.81,easy,resolved,sympy__sympy-18763
13,20,17,3,3,2,2.6666666666666665,3.076923076923077,8,6:cd,3,3,3,0.22,early,1,1.0,3.5,medium,unresolved,django__django-13513
15,24,20,6,3,2,2.1666666666666665,3.2,7,5:python,6,6,6,0.24,early,2,1.0,5.71,hard,unresolved,django__django-12325
4,5,5,1,2,2,2.0,2.5,2,3:submit,2,2,1,0.2,early,1,1.0,0.9,hard,unresolved,django__django-11138
12,16,14,2,4,2,3.0,2.6666666666666665,7,5:cd,2,2,2,0.2,early,2,1.0,5.46,medium,resolved,pydata__xarray-2905
9,10,9,1,3,3,3.0,2.2222222222222223,6,6:submit,2,2,1,0.2,early,1,1.0,2.11,easy,resolved,django__django-16255
20,32,26,7,15,2,5.142857142857143,3.2,1,1:python,3,3,3,0.3,middle,4,1.14,9.28,easy,unresolved,matplotlib__matplotlib-25311
27,59,53,9,9,1,4.111111111111111,4.37037037037037,6,10:cd,10,10,10,0.15,early,2,1.14,10.47,easy,unresolved,django__django-11964
10,19,16,3,3,2,2.3333333333333335,3.8,5,5:python,4,4,4,0.25,early,1,1.0,4.72,medium,unresolved,sympy__sympy-21930
8,13,9,1,2,2,2.0,3.25,6,7:submit,2,2,1,0.56,early,1,1.0,1.67,hard,unresolved,django__django-15268
10,15,14,4,4,2,2.5,3.0,3,2:python,4,4,4,0.14,middle,1,1.0,2.92,medium,unresolved,django__django-11532
10,13,12,3,4,2,3.0,2.6,3,1:python,3,3,3,0.15,early,1,1.0,3.98,easy,unresolved,sympy__sympy-17655
22,33,28,7,7,2,3.4285714285714284,3.0,4,1:python,7,7,7,0.24,middle,4,1.0,5.59,hard,unresolved,pytest-dev__pytest-10356
11,15,14,3,7,2,3.6666666666666665,2.727272727272727,2,1:python,3,3,3,0.21,middle,2,1.0,3.69,medium,unresolved,sympy__sympy-13031
19,34,22,3,8,1,3.6666666666666665,3.5789473684210527,10,9:python,2,2,2,0.41,early,6,1.0,7.15,hard,unresolved,pydata__xarray-3993
54,137,134,41,4,2,3.0,5.074074074074074,9,8:cd,41,41,41,0.03,early,1,1.0,24.12,medium,unresolved,sphinx-doc__sphinx-10614
14,18,14,1,3,3,3.0,2.5714285714285716,11,11:submit,2,2,1,0.33,early,2,1.0,3.78,medium,unresolved,sympy__sympy-13615
8,11,7,0,0,0,0.0,2.75,7,0:str_replace_editor view,1,0,2,0.62,mixed,2,1.0,2.21,medium,unresolved,sympy__sympy-24661
32,44,38,4,19,2,8.0,2.75,6,5:cd,3,3,3,0.21,early,3,1.14,66.56,easy,resolved,sphinx-doc__sphinx-9320
40,83,77,25,9,2,4.32,4.15,4,11:cd,13,13,13,0.09,mixed,6,1.0,17.48,medium,unresolved,django__django-15525
6,9,7,1,2,2,2.0,3.0,4,5:submit,2,2,1,0.43,early,1,1.0,1.34,easy,unresolved,django__django-14999
14,21,18,3,10,2,4.666666666666667,3.0,2,1:python,3,3,3,0.22,middle,3,1.0,6.54,medium,resolved,matplotlib__matplotlib-24637
6,9,7,1,2,2,2.0,3.0,4,5:submit,2,2,1,0.43,early,1,1.0,1.28,easy,resolved,django__django-14752
8,8,8,1,2,2,2.0,2.0,6,6:submit,2,2,1,0.11,early,1,1.0,1.43,easy,resolved,django__django-13410
18,29,27,7,3,2,2.5714285714285716,3.2222222222222223,9,6:cd,7,7,7,0.11,early,1,1.0,9.93,hard,unresolved,pytest-dev__pytest-6197
35,73,62,13,10,3,5.153846153846154,4.171428571428572,9,10:cd,12,12,12,0.21,early,8,1.08,13.46,medium,resolved,pylint-dev__pylint-6386
10,14,11,2,3,2,2.5,2.8,6,4:python,2,2,2,0.33,early,2,1.0,4.94,medium,unresolved,matplotlib__matplotlib-22871
25,29,24,0,0,0,0.0,2.32,24,0:str_replace_editor view,1,0,4,0.24,early,2,1.0,4.84,easy,unresolved,sphinx-doc__sphinx-8269
8,11,9,1,2,2,2.0,2.75,6,7:submit,2,2,1,0.33,early,1,1.0,1.72,easy,unresolved,django__django-12304
9,12,10,2,3,3,3.0,2.6666666666666665,4,3:python,2,2,2,0.27,early,2,1.0,3.5,medium,resolved,sympy__sympy-23824
13,20,16,2,2,1,1.5,3.076923076923077,11,5:grep,4,4,4,0.29,early,3,1.0,3.95,easy,resolved,matplotlib__matplotlib-13989
11,13,11,1,3,3,3.0,2.3636363636363638,8,8:submit,2,2,1,0.25,early,1,1.0,2.1,medium,unresolved,sphinx-doc__sphinx-10466
9,13,11,2,2,2,2.0,2.888888888888889,6,5:python,2,2,2,0.27,early,1,1.0,2.98,medium,resolved,scikit-learn__scikit-learn-15100
30,62,56,16,8,2,4.1875,4.133333333333334,2,4:cd,13,13,13,0.12,early,5,1.0,11.13,hard,unresolved,django__django-13449
13,19,17,5,3,2,2.2,2.923076923076923,6,4:python,5,5,5,0.17,early,1,1.0,3.58,easy,resolved,django__django-14373
8,13,9,1,2,2,2.0,3.25,6,7:submit,2,2,1,0.56,early,1,1.0,1.73,easy,resolved,django__django-13821
5,7,6,1,2,2,2.0,2.8,3,4:submit,2,2,1,0.33,early,1,1.0,1.19,medium,unresolved,django__django-13810
8,10,10,3,2,2,2.0,2.5,4,3:python,3,3,3,0.09,early,1,1.0,4.03,easy,resolved,pytest-dev__pytest-5809
7,10,9,2,4,2,3.0,2.857142857142857,2,1:python,2,2,2,0.22,early,1,1.0,3.47,medium,unresolved,pydata__xarray-4695
17,32,29,7,4,2,3.142857142857143,3.764705882352941,6,4:cd,7,7,7,0.13,early,2,1.0,5.61,medium,resolved,django__django-14053
8,12,9,1,2,2,2.0,3.0,6,7:submit,2,2,1,0.44,early,1,1.0,1.55,medium,unresolved,mwaskom__seaborn-3069
10,16,11,1,2,2,2.0,3.2,8,9:submit,2,2,1,0.55,early,2,1.0,1.96,easy,resolved,pytest-dev__pytest-7982
15,26,26,7,4,3,3.2857142857142856,3.466666666666667,4,4:cd,7,7,7,0.04,early,1,1.0,5.38,easy,unresolved,pylint-dev__pylint-7277
9,14,14,5,3,2,2.2,3.111111111111111,2,1:python,5,5,5,0.07,middle,1,1.0,9.48,easy,resolved,pydata__xarray-6461
28,68,43,5,19,1,6.4,4.857142857142857,0,27:python,12,12,12,0.68,middle,1,1.08,12.02,medium,unresolved,django__django-11149
13,24,16,3,2,2,2.0,3.6923076923076925,9,6:grep,3,3,3,0.56,early,4,1.0,2.72,medium,unresolved,sphinx-doc__sphinx-8551
13,21,19,4,3,3,3.0,3.230769230769231,6,4:cd,4,4,4,0.15,early,1,1.0,4.16,medium,resolved,django__django-13401
9,10,9,1,2,2,2.0,2.2222222222222223,7,7:submit,2,2,1,0.2,early,1,1.0,2.84,medium,resolved,sympy__sympy-15349
16,28,28,7,4,2,3.0,3.5,6,4:cd,7,7,7,0.07,early,2,1.0,6.24,easy,unresolved,django__django-11490
9,12,12,3,2,2,2.0,2.6666666666666665,5,0:pytest,3,2,3,0.0,none,0,0.0,2.77,medium,unresolved,pytest-dev__pytest-7490
24,33,27,4,4,3,3.5,2.75,13,11:python,4,4,4,0.25,early,3,1.0,11.63,medium,unresolved,matplotlib__matplotlib-20826
39,107,91,16,12,1,4.4375,5.487179487179487,3,37:str_replace_editor str_replace,36,36,36,0.22,early,8,1.18,23.44,easy,unresolved,matplotlib__matplotlib-26208
6,9,7,1,2,2,2.0,3.0,4,5:submit,2,2,1,0.43,early,1,1.0,1.32,medium,resolved,django__django-13658
11,17,13,2,8,2,5.0,3.090909090909091,2,1:python,2,2,2,0.38,middle,2,1.0,5.64,easy,unresolved,matplotlib__matplotlib-23476
8,17,13,3,3,1,2.0,4.25,4,3:grep,5,5,5,0.38,early,2,1.0,3.22,medium,unresolved,django__django-15022
10,14,12,2,6,2,4.0,2.8,3,2:python,2,2,2,0.25,middle,2,1.0,3.33,easy,resolved,scikit-learn__scikit-learn-11310
12,14,14,2,4,2,3.0,2.3333333333333335,7,5:cd,2,2,2,0.07,early,1,1.0,2.83,medium,resolved,django__django-14017
7,8,8,2,3,2,2.5,2.2857142857142856,3,1:python,2,2,2,0.11,early,1,1.0,3.17,easy,resolved,sympy__sympy-14711
10,15,11,1,2,2,2.0,3.0,8,9:submit,2,2,1,0.45,early,2,1.0,2.23,easy,unresolved,django__django-12193
7,8,8,2,3,2,2.5,2.2857142857142856,3,1:python,2,2,2,0.11,early,1,1.0,2.37,easy,unresolved,scikit-learn__scikit-learn-13328
15,25,22,5,3,3,3.0,3.3333333333333335,7,4:cd,5,5,5,0.17,early,2,1.0,23.97,medium,resolved,django__django-13516
10,12,10,1,2,2,2.0,2.4,8,8:submit,2,2,1,0.27,early,1,1.0,1.85,easy,resolved,django__django-9296
8,11,10,2,4,3,3.5,2.75,2,1:python,2,2,2,0.2,early,1,1.0,2.67,easy,resolved,astropy__astropy-14309
15,21,18,4,9,2,3.75,2.8,3,1:python,4,4,4,0.32,middle,1,1.0,10.94,medium,unresolved,matplotlib__matplotlib-21568
7,11,8,1,2,2,2.0,3.142857142857143,5,6:submit,2,2,1,0.5,early,1,1.0,1.38,medium,unresolved,sphinx-doc__sphinx-9658
10,16,13,3,6,2,3.3333333333333335,3.2,2,1:python,3,3,3,0.31,middle,1,1.0,6.14,medium,unresolved,matplotlib__matplotlib-26291
12,21,15,2,2,2,2.0,3.5,9,8:echo,2,2,2,0.47,early,1,1.0,4.03,medium,resolved,scikit-learn__scikit-learn-10297
7,11,9,2,2,1,1.5,3.142857142857143,5,4:python,2,2,2,0.33,early,1,1.0,2.48,easy,resolved,django__django-16595
7,8,8,1,2,2,2.0,2.2857142857142856,5,6:submit,2,2,1,0.12,middle,1,1.0,1.69,medium,unresolved,django__django-12663
10,14,13,3,2,2,2.0,2.8,6,3:python,3,3,3,0.15,early,1,1.0,3.06,medium,unresolved,astropy__astropy-14508
13,16,14,2,3,2,2.5,2.4615384615384617,9,6:cd,2,2,2,0.2,early,1,1.0,3.3,medium,resolved,django__django-11276
8,11,9,1,2,2,2.0,2.75,6,7:submit,2,2,1,0.33,early,1,1.0,1.85,easy,unresolved,sphinx-doc__sphinx-10435
17,98,94,6,7,2,4.666666666666667,11.529411764705882,5,7:python,16,16,16,0.17,mixed,14,3.2,19.2,easy,unresolved,django__django-14539
14,21,15,2,7,2,4.5,3.0,6,4:python,2,2,2,0.44,middle,3,1.0,4.13,medium,unresolved,sympy__sympy-22080
19,29,25,4,8,2,4.0,3.0526315789473686,8,6:cd,4,4,4,0.19,early,2,1.0,5.45,medium,unresolved,django__django-13343
12,19,14,2,4,3,3.5,3.1666666666666665,6,5:python,2,2,2,0.43,early,2,1.0,4.62,medium,unresolved,sympy__sympy-21596
9,13,11,2,2,2,2.0,2.888888888888889,6,5:python,2,2,2,0.27,early,1,1.0,32.67,medium,unresolved,django__django-14771
21,34,29,8,9,2,5.375,3.238095238095238,7,8:cd,3,3,3,0.21,early,1,1.0,66.77,medium,unresolved,sphinx-doc__sphinx-8638
13,18,16,4,4,2,3.0,2.769230769230769,5,5:python,3,3,3,0.24,early,3,1.33,4.65,medium,unresolved,sympy__sympy-22456
13,20,16,4,2,1,1.75,3.076923076923077,9,7:python,4,4,4,0.29,early,2,1.0,6.73,easy,unresolved,matplotlib__matplotlib-24177
21,63,55,14,6,1,3.357142857142857,6.0,3,14:grep,27,27,27,0.18,middle,5,1.25,8.46,medium,unresolved,django__django-14351
12,18,18,7,3,2,2.142857142857143,3.0,3,2:python,7,7,7,0.11,early,2,1.0,4.81,easy,resolved,django__django-15741
9,11,11,2,3,2,2.5,2.4444444444444446,5,4:cd,2,2,2,0.08,early,1,1.0,2.26,easy,resolved,pytest-dev__pytest-7205
19,41,40,11,3,2,2.8181818181818183,4.315789473684211,6,4:cd,12,12,12,0.05,early,2,1.0,16.1,hard,unresolved,django__django-13128
21,34,29,9,5,2,2.6666666666666665,3.238095238095238,5,3:python,9,9,9,0.2,early,4,1.0,10.98,easy,unresolved,matplotlib__matplotlib-25479
16,27,22,5,12,2,7.6,3.375,1,8:echo,2,2,2,0.29,early,2,1.0,3.04,medium,unresolved,sphinx-doc__sphinx-11445
17,26,18,2,6,2,4.0,3.0588235294117645,10,8:python,2,2,2,0.47,early,4,1.0,4.23,medium,resolved,pydata__xarray-7393
26,42,36,9,8,1,4.222222222222222,3.230769230769231,9,8:cd,5,5,5,0.23,middle,6,1.14,8.24,easy,unresolved,sphinx-doc__sphinx-9591
10,13,11,2,6,5,5.5,2.6,0,5:sphinx-build,2,2,2,0.27,late,1,1.0,16.04,easy,resolved,sphinx-doc__sphinx-8595
10,13,11,2,3,3,3.0,2.6,5,3:python,2,2,2,0.25,early,2,1.0,2.0,easy,unresolved,psf__requests-1921
43,83,67,27,8,1,3.814814814814815,3.86046511627907,2,1:python,19,19,19,0.32,early,12,1.24,18.17,medium,unresolved,astropy__astropy-13453
14,21,18,3,3,2,2.6666666666666665,3.0,8,7:cd,3,3,3,0.22,early,1,1.0,3.01,medium,unresolved,django__django-14311
13,15,14,2,4,2,3.0,2.3076923076923075,8,1:python,2,2,2,0.13,early,1,1.0,4.93,medium,unresolved,scikit-learn__scikit-learn-26194
6,9,8,2,2,1,1.5,3.0,4,3:grep,2,2,2,0.25,early,1,1.0,1.72,medium,unresolved,django__django-13028
12,18,18,4,5,2,3.25,3.0,4,2:cd,4,4,4,0.05,early,1,1.0,3.59,medium,resolved,django__django-15731
12,18,15,3,5,2,3.0,3.0,5,4:python,3,3,3,0.27,early,2,1.0,4.35,medium,unresolved,scikit-learn__scikit-learn-12682
12,17,14,3,2,2,2.0,2.8333333333333335,8,6:python,3,3,3,0.27,early,1,1.0,4.05,medium,unresolved,scikit-learn__scikit-learn-13124
7,8,8,2,3,2,2.5,2.2857142857142856,3,1:python,2,2,2,0.11,early,1,1.0,3.14,medium,resolved,sympy__sympy-24213
11,18,12,1,2,2,2.0,3.272727272727273,9,10:submit,2,2,1,0.58,early,2,1.0,2.14,medium,unresolved,pylint-dev__pylint-4661
7,12,12,3,3,2,2.3333333333333335,3.4285714285714284,3,2:cd,3,3,3,0.08,early,1,1.0,1.92,easy,unresolved,pytest-dev__pytest-7432
14,28,24,6,7,2,3.5,4.0,2,7:cd,5,5,5,0.22,early,2,1.0,4.43,easy,resolved,django__django-12209
32,71,66,12,10,2,4.0,4.4375,6,6:cd,16,16,16,0.09,early,5,1.0,7.9,medium,unresolved,django__django-11292
13,20,17,3,4,2,2.6666666666666665,3.076923076923077,7,4:str_replace_editor view,2,3,2,0.28,early,3,1.25,3.24,medium,resolved,django__django-11749
10,12,10,1,3,3,3.0,2.4,7,7:submit,2,2,1,0.27,early,1,1.0,2.39,medium,resolved,django__django-12155
34,64,48,15,10,2,4.0,3.764705882352941,5,9:python,7,7,7,0.37,early,14,1.06,11.28,medium,resolved,sympy__sympy-19040
9,12,10,1,2,2,2.0,2.6666666666666665,7,8:submit,2,2,1,0.3,early,1,1.0,1.87,easy,resolved,sphinx-doc__sphinx-7889
10,13,11,2,5,3,4.0,2.6,3,1:python,2,2,2,0.25,early,1,1.0,4.18,easy,resolved,pydata__xarray-4629
12,18,15,3,9,2,4.333333333333333,3.0,1,0:python,3,2,3,0.27,middle,2,1.0,5.85,medium,unresolved,pydata__xarray-6938
6,9,7,1,2,2,2.0,3.0,4,5:submit,2,2,1,0.43,early,1,1.0,1.67,easy,unresolved,django__django-14376
7,9,9,2,4,2,3.0,2.5714285714285716,2,1:python,2,2,2,0.11,middle,1,1.0,4.88,very_hard,unresolved,pydata__xarray-6992
9,12,10,1,4,4,4.0,2.6666666666666665,5,6:submit,2,2,1,0.3,mixed,2,1.0,1.61,easy,unresolved,django__django-13112
8,12,9,1,2,2,2.0,3.0,6,7:submit,2,2,1,0.44,early,2,1.0,1.63,hard,unresolved,django__django-14011
18,111,110,12,4,1,2.1666666666666665,12.333333333333334,4,3:python,34,34,34,0.02,early,1,1.0,29.18,medium,unresolved,django__django-11551
31,79,77,48,7,2,4.854166666666667,5.096774193548387,4,2:python,15,15,15,0.05,early,3,1.33,317.64,medium,unresolved,django__django-16502
12,20,18,6,2,2,2.0,3.3333333333333335,5,4:python,6,6,6,0.17,early,1,1.0,5.86,easy,unresolved,sympy__sympy-15345
9,13,11,2,2,2,2.0,2.888888888888889,6,4:echo,2,2,2,0.25,early,1,1.0,2.34,medium,unresolved,django__django-13195
7,9,9,2,3,3,3.0,2.5714285714285716,2,1:python,2,2,2,0.11,early,1,1.0,2.41,easy,unresolved,scikit-learn__scikit-learn-13135
5,7,6,1,2,2,2.0,2.8,3,4:submit,2,2,1,0.33,early,1,1.0,1.11,easy,resolved,django__django-13089
18,35,21,3,6,2,4.0,3.888888888888889,8,7:grep,3,3,3,0.71,mixed,3,1.0,4.35,medium,unresolved,django__django-13964
11,15,13,3,2,2,2.0,2.727272727272727,7,5:python,3,3,3,0.21,early,1,1.0,3.03,easy,unresolved,django__django-13933
22,43,37,9,8,3,3.888888888888889,3.909090909090909,3,3:cd,9,9,9,0.18,late,2,1.0,7.82,medium,unresolved,django__django-11734
17,79,64,2,4,3,3.5,9.294117647058824,13,12:str_replace_editor view,17,18,17,0.98,mixed,1,4.0,12.14,easy,unresolved,sphinx-doc__sphinx-9230
14,22,16,2,4,2,3.0,3.142857142857143,9,13:submit,2,2,1,0.47,early,2,1.0,3.31,medium,unresolved,sympy__sympy-13798
11,15,13,2,3,2,2.5,2.727272727272727,7,5:cd,2,2,2,0.21,early,1,1.0,2.7,easy,resolved,django__django-15368
12,15,12,1,3,3,3.0,2.5,9,9:submit,2,2,1,0.31,early,1,1.0,2.3,easy,resolved,pytest-dev__pytest-5262
9,11,11,3,3,2,2.6666666666666665,2.4444444444444446,3,1:python,3,3,3,0.08,middle,1,1.0,4.13,medium,resolved,sympy__sympy-18211
15,22,17,2,3,2,2.5,2.933333333333333,11,9:cd,2,2,2,0.33,early,2,1.0,3.45,medium,resolved,django__django-12050
21,28,22,1,2,2,2.0,2.6666666666666665,19,20:submit,2,2,1,0.32,mixed,5,1.0,5.14,easy,unresolved,django__django-12125
9,13,9,1,1,1,1.0,2.888888888888889,8,8:submit,2,2,1,0.5,early,1,1.0,4.85,easy,resolved,matplotlib__matplotlib-24570
10,15,11,1,2,2,2.0,3.0,8,9:submit,2,2,1,0.45,early,1,1.0,2.0,easy,unresolved,scikit-learn__scikit-learn-25232
15,25,24,10,3,2,2.1,3.3333333333333335,3,2:python,11,11,11,0.08,early,2,1.0,8.0,hard,unresolved,django__django-11885
12,21,20,6,4,2,3.0,3.5,3,3:cd,6,6,6,0.1,early,1,1.0,4.3,easy,unresolved,django__django-13297
5,7,6,1,2,2,2.0,2.8,3,4:submit,2,2,1,0.33,early,1,1.0,1.12,medium,unresolved,django__django-14559
16,25,19,3,11,2,5.333333333333333,3.125,2,1:python,3,3,3,0.37,mixed,4,1.0,5.07,medium,unresolved,sympy__sympy-20801
16,33,32,9,3,2,2.888888888888889,4.125,5,3:cd,9,9,9,0.06,early,1,1.0,6.73,medium,resolved,django__django-14672
13,17,14,2,9,3,6.0,2.6153846153846154,2,10:submit,2,2,1,0.29,early,3,1.0,2.73,medium,unresolved,django__django-14155
28,315,308,7,11,3,5.714285714285714,22.5,8,7:cd,45,45,45,0.03,early,3,1.0,101.3,medium,unresolved,sympy__sympy-21612
10,16,14,3,3,2,2.3333333333333335,3.2,5,3:python,3,3,3,0.21,early,2,1.0,2.81,medium,resolved,django__django-13670
19,40,22,4,11,2,4.75,4.2105263157894735,3,1:python,3,3,3,0.43,middle,2,1.0,7.65,medium,unresolved,matplotlib__matplotlib-26466
44,90,72,45,12,1,4.644444444444445,4.090909090909091,8,15:python,16,16,16,0.28,early,8,1.05,15.64,medium,unresolved,sphinx-doc__sphinx-8056
8,11,11,3,4,2,2.6666666666666665,2.75,2,1:python,3,3,3,0.09,middle,1,1.0,9.97,medium,resolved,django__django-16136
13,20,19,6,5,2,2.6666666666666665,3.076923076923077,2,1:python,6,6,6,0.11,middle,1,1.0,4.54,easy,unresolved,django__django-14493
35,64,45,9,22,1,4.333333333333333,3.657142857142857,4,1:pylint,8,8,8,0.43,early,1,1.0,13.62,medium,unresolved,pylint-dev__pylint-4604
5,7,6,1,2,2,2.0,2.8,3,4:submit,2,2,1,0.33,early,1,1.0,1.33,medium,unresolved,django__django-11333
13,18,13,1,2,2,2.0,2.769230769230769,11,11:submit,2,2,1,0.43,early,1,1.0,2.42,easy,resolved,pytest-dev__pytest-7521
20,34,32,13,3,1,2.0,3.4,6,4:python,13,13,13,0.09,early,1,1.0,10.47,medium,unresolved,sympy__sympy-13551
5,6,6,1,2,2,2.0,2.4,3,4:submit,2,2,1,0.17,early,1,1.0,0.95,medium,resolved,django__django-15814
10,13,11,2,3,2,2.5,2.6,6,4:python,2,2,2,0.25,early,1,1.0,3.57,medium,resolved,astropy__astropy-12907
15,28,16,1,2,2,2.0,3.7333333333333334,13,14:submit,2,2,1,0.69,mixed,2,1.0,3.47,easy,resolved,django__django-11951
28,44,33,6,17,2,4.5,3.142857142857143,6,4:python,5,5,5,0.29,middle,8,1.0,7.38,hard,unresolved,django__django-16560
11,17,15,3,3,2,2.6666666666666665,3.090909090909091,6,4:cd,3,3,3,0.19,early,1,1.0,3.33,medium,unresolved,django__django-14140
27,58,53,14,5,2,3.4285714285714284,4.296296296296297,4,3:cd,14,14,14,0.11,middle,4,1.0,9.17,medium,unresolved,django__django-12262
12,18,16,3,3,2,2.6666666666666665,3.0,7,5:cd,3,3,3,0.18,early,1,1.0,3.4,medium,unresolved,django__django-16493
7,9,7,1,2,2,2.0,2.5714285714285716,5,5:submit,2,2,1,0.38,early,1,1.0,1.53,easy,unresolved,sphinx-doc__sphinx-10449
20,28,26,7,7,1,3.0,2.8,5,4:ls,3,3,3,0.11,early,1,1.0,4.86,medium,unresolved,sphinx-doc__sphinx-8120
10,12,10,1,3,3,3.0,2.4,7,7:submit,2,2,1,0.27,early,1,1.0,2.84,easy,resolved,scikit-learn__scikit-learn-12585
6,9,7,1,2,2,2.0,3.0,4,5:submit,2,2,1,0.43,early,1,1.0,1.31,medium,unresolved,django__django-16661
15,22,21,7,5,2,2.7142857142857144,2.933333333333333,2,0:python,7,6,7,0.18,early,2,1.0,9.96,medium,unresolved,pydata__xarray-7229
18,33,29,6,4,2,3.0,3.6666666666666665,9,8:cd,6,6,6,0.17,early,2,1.0,5.38,medium,resolved,sphinx-doc__sphinx-8035
26,41,39,14,3,2,2.142857142857143,3.1538461538461537,9,7:python,13,13,13,0.07,early,1,1.0,10.08,hard,unresolved,django__django-15503
7,8,8,2,3,2,2.5,2.2857142857142856,3,1:python,2,2,2,0.11,early,1,1.0,2.76,easy,resolved,sympy__sympy-19954
12,18,14,3,4,2,2.6666666666666665,3.0,6,4:python,2,2,2,0.33,early,3,1.0,3.46,medium,unresolved,astropy__astropy-8872
11,20,18,4,5,2,3.25,3.6363636363636362,3,2:cd,4,4,4,0.17,middle,2,1.0,3.53,easy,resolved,django__django-13417
18,90,88,13,3,2,2.076923076923077,10.0,3,3:python,42,42,42,0.03,early,2,1.0,18.08,easy,unresolved,django__django-10999
16,27,19,3,4,2,2.6666666666666665,3.375,10,3:grep,2,2,2,0.42,early,4,1.0,4.57,hard,unresolved,sympy__sympy-12489
8,9,8,1,2,2,2.0,2.25,6,6:submit,2,2,1,0.22,early,1,1.0,2.44,medium,unresolved,sympy__sympy-13091
11,16,14,3,2,2,2.0,2.909090909090909,7,4:python,2,2,2,0.2,early,1,1.0,3.63,medium,unresolved,sympy__sympy-20154
10,16,13,3,6,2,3.3333333333333335,3.2,2,1:python,2,2,2,0.31,early,3,1.0,6.3,easy,resolved,matplotlib__matplotlib-26113
5,7,6,1,2,2,2.0,2.8,3,4:submit,2,2,1,0.33,early,1,1.0,1.11,medium,unresolved,django__django-13568
13,20,15,3,2,1,1.6666666666666667,3.076923076923077,10,3:grep,3,3,3,0.38,early,3,1.0,3.22,medium,resolved,pydata__xarray-7233
11,20,14,3,7,2,4.0,3.6363636363636362,1,5:grep,2,2,2,0.54,mixed,4,1.0,2.3,hard,unresolved,django__django-15957
8,9,9,2,3,2,2.5,2.25,4,2:python,2,2,2,0.1,early,1,1.0,2.05,medium,unresolved,django__django-16454
18,22,21,4,2,2,2.0,2.4444444444444446,13,7:python,3,3,3,0.09,early,1,1.0,4.34,medium,unresolved,django__django-15037
10,18,16,4,3,2,2.25,3.6,5,4:cd,4,4,4,0.19,early,1,1.0,68.49,easy,unresolved,pytest-dev__pytest-10081
28,54,35,5,6,2,3.4,3.857142857142857,17,18:cd,4,4,4,0.53,early,4,1.12,23.8,medium,unresolved,sphinx-doc__sphinx-8593
11,14,13,2,6,2,4.0,2.5454545454545454,4,1:python,2,2,2,0.15,early,2,1.0,7.68,easy,resolved,sympy__sympy-16766
8,12,10,2,2,2,2.0,3.0,5,4:python,2,2,2,0.3,early,1,1.0,1.82,medium,unresolved,pytest-dev__pytest-7324
13,20,14,1,2,2,2.0,3.076923076923077,11,12:submit,2,2,1,0.5,early,3,1.0,2.55,medium,unresolved,django__django-15695
7,11,8,1,2,2,2.0,3.142857142857143,5,6:submit,2,2,1,0.5,early,1,1.0,1.57,easy,unresolved,django__django-12741
10,28,27,3,5,2,3.3333333333333335,5.6,4,9:submit,9,9,8,0.15,early,2,1.5,3.55,easy,unresolved,django__django-16145
9,14,11,2,6,2,4.0,3.111111111111111,2,1:python,2,2,2,0.36,middle,1,1.0,2.05,medium,unresolved,psf__requests-6028
13,19,17,4,3,2,2.25,2.923076923076923,7,4:python,4,4,4,0.18,early,1,1.0,6.34,medium,resolved,matplotlib__matplotlib-24970
22,184,180,14,4,1,2.857142857142857,16.727272727272727,5,16:str_replace_editor str_replace,137,137,137,0.03,early,3,1.2,33.24,medium,resolved,django__django-16082
10,12,10,1,2,2,2.0,2.4,8,8:submit,2,2,1,0.27,early,1,1.0,6.39,easy,resolved,sphinx-doc__sphinx-8475
10,18,15,2,3,2,2.5,3.6,6,5:echo,3,3,3,0.27,early,1,1.0,2.66,easy,resolved,django__django-15987
8,13,9,1,2,2,2.0,3.25,6,7:submit,2,2,1,0.56,early,1,1.0,1.79,easy,unresolved,django__django-13512
14,21,17,3,3,2,2.3333333333333335,3.0,9,6:python,3,3,3,0.29,early,1,1.0,4.74,easy,resolved,sympy__sympy-16886
20,36,32,8,4,3,3.375,3.6,6,6:cd,8,8,8,0.15,early,1,1.0,5.91,hard,unresolved,django__django-16263
7,11,8,1,2,2,2.0,3.142857142857143,5,6:submit,2,2,1,0.5,early,1,1.0,1.5,easy,resolved,django__django-17029
16,26,20,3,3,2,2.6666666666666665,3.25,11,9:cd,3,3,3,0.33,early,1,1.0,4.88,easy,resolved,django__django-11163
22,36,22,1,2,2,2.0,3.272727272727273,20,20:submit,2,2,1,0.65,mixed,2,1.0,4.73,easy,resolved,astropy__astropy-7166
27,51,47,11,7,2,3.727272727272727,3.7777777777777777,5,3:cd,11,11,11,0.15,middle,4,1.0,9.41,medium,unresolved,django__django-12039
9,11,10,2,5,2,3.5,2.4444444444444446,3,1:python,2,2,2,0.18,early,2,1.0,3.0,medium,resolved,scikit-learn__scikit-learn-14710
14,21,18,5,4,2,3.0,3.0,3,1:python,5,5,5,0.26,middle,3,1.0,3.47,easy,unresolved,psf__requests-5414
11,16,12,1,2,2,2.0,2.909090909090909,9,10:submit,2,2,1,0.42,early,1,1.0,2.79,easy,resolved,scikit-learn__scikit-learn-13779
6,9,7,1,2,2,2.0,3.0,4,5:submit,2,2,1,0.43,early,1,1.0,1.29,medium,resolved,django__django-14349
